{
    "1835+": [
        [
            12.98527,
            77.75312
        ],
        [
            12.98431,
            77.75274
        ],
        [
            12.9838,
            77.75254
        ],
        [
            12.98372,
            77.7525
        ],
        [
            12.98334,
            77.75239
        ],
        [
            12.98278,
            77.75225
        ],
        [
            12.98262,
            77.75222
        ],
        [
            12.98241,
            77.75219
        ]
    ],
    "2572+": [
        [
            12.98352,
            77.75432
        ],
        [
            12.9835,
            77.75417
        ],
        [
            12.98354,
            77.75398
        ],
        [
            12.98359,
            77.75369
        ],
        [
            12.98365,
            77.75314
        ],
        [
            12.98372,
            77.7525
        ],
        [
            12.98373,
            77.75242
        ]
    ],
    "2571+": [
        [
            12.98373,
            77.75242
        ],
        [
            12.98389,
            77.75194
        ],
        [
            12.98399,
            77.75161
        ],
        [
            12.9841,
            77.75131
        ],
        [
            12.98418,
            77.75106
        ]
    ],
    "2572-": [
        [
            12.98425,
            77.75109
        ],
        [
            12.98416,
            77.75134
        ],
        [
            12.98406,
            77.75164
        ],
        [
            12.98395,
            77.75197
        ],
        [
            12.98381,
            77.75245
        ],
        [
            12.9838,
            77.75254
        ]
    ],
    "2573-": [
        [
            12.9838,
            77.75254
        ],
        [
            12.98376,
            77.75291
        ],
        [
            12.9837,
            77.7535
        ],
        [
            12.98364,
            77.75391
        ],
        [
            12.9836,
            77.7542
        ],
        [
            12.98352,
            77.75432
        ]
    ],
    "1836-": [
        [
            12.98244,
            77.75208
        ],
        [
            12.98265,
            77.75211
        ],
        [
            12.9828,
            77.75214
        ],
        [
            12.98292,
            77.75217
        ],
        [
            12.98301,
            77.75219
        ],
        [
            12.98333,
            77.7523
        ],
        [
            12.98373,
            77.75242
        ],
        [
            12.98381,
            77.75245
        ],
        [
            12.98435,
            77.75266
        ],
        [
            12.98531,
            77.75302
        ]
    ]
}