{
    "2572-": [
        [
            12.98792,
            77.73363
        ],
        [
            12.98779,
            77.73455
        ],
        [
            12.98765,
            77.73563
        ],
        [
            12.98764,
            77.73601
        ],
        [
            12.98763,
            77.73706
        ],
        [
            12.98763,
            77.73721
        ],
        [
            12.98764,
            77.73939
        ],
        [
            12.98761,
            77.74013
        ],
        [
            12.9876,
            77.74025
        ],
        [
            12.98757,
            77.74039
        ],
        [
            12.98747,
            77.74082
        ],
        [
            12.98737,
            77.74122
        ],
        [
            12.9871,
            77.74229
        ],
        [
            12.98686,
            77.74323
        ],
        [
            12.98662,
            77.74418
        ],
        [
            12.98645,
            77.74485
        ],
        [
            12.9863,
            77.74532
        ],
        [
            12.9862,
            77.74568
        ],
        [
            12.9861,
            77.74596
        ],
        [
            12.98598,
            77.74629
        ],
        [
            12.98557,
            77.74735
        ],
        [
            12.98549,
            77.74759
        ],
        [
            12.9854,
            77.74785
        ],
        [
            12.98483,
            77.7494
        ],
        [
            12.98474,
            77.74964
        ],
        [
            12.98425,
            77.75109
        ],
        [
            12.98416,
            77.75134
        ],
        [
            12.98406,
            77.75164
        ],
        [
            12.98395,
            77.75197
        ],
        [
            12.98381,
            77.75245
        ],
        [
            12.9838,
            77.75254
        ]
    ],
    "1836-": [
        [
            12.96984,
            77.74992
        ],
        [
            12.97022,
            77.74997
        ],
        [
            12.9703,
            77.74998
        ],
        [
            12.9704,
            77.75
        ],
        [
            12.97075,
            77.75006
        ],
        [
            12.97083,
            77.75007
        ],
        [
            12.97092,
            77.75008
        ],
        [
            12.97102,
            77.75009
        ],
        [
            12.97143,
            77.75014
        ],
        [
            12.97202,
            77.75021
        ],
        [
            12.97226,
            77.75024
        ],
        [
            12.97237,
            77.75025
        ],
        [
            12.97266,
            77.75028
        ],
        [
            12.97316,
            77.75036
        ],
        [
            12.97374,
            77.75044
        ],
        [
            12.97392,
            77.75046
        ],
        [
            12.97473,
            77.75058
        ],
        [
            12.9751,
            77.75064
        ],
        [
            12.97541,
            77.75071
        ],
        [
            12.9758,
            77.75079
        ],
        [
            12.97628,
            77.75088
        ],
        [
            12.97676,
            77.75097
        ],
        [
            12.97739,
            77.75111
        ],
        [
            12.97759,
            77.75115
        ],
        [
            12.97829,
            77.7513
        ],
        [
            12.97861,
            77.75136
        ],
        [
            12.97918,
            77.75147
        ],
        [
            12.97948,
            77.75152
        ],
        [
            12.97977,
            77.75158
        ],
        [
            12.98006,
            77.75163
        ],
        [
            12.98037,
            77.7517
        ],
        [
            12.98066,
            77.75176
        ],
        [
            12.98147,
            77.75192
        ],
        [
            12.98164,
            77.75195
        ],
        [
            12.98244,
            77.75208
        ],
        [
            12.98265,
            77.75211
        ],
        [
            12.9828,
            77.75214
        ],
        [
            12.98292,
            77.75217
        ],
        [
            12.98301,
            77.75219
        ],
        [
            12.98333,
            77.7523
        ],
        [
            12.98373,
            77.75242
        ],
        [
            12.98381,
            77.75245
        ],
        [
            12.98435,
            77.75266
        ],
        [
            12.98531,
            77.75302
        ],
        [
            12.98564,
            77.75315
        ],
        [
            12.98574,
            77.75319
        ],
        [
            12.98597,
            77.75328
        ],
        [
            12.98611,
            77.75333
        ],
        [
            12.98623,
            77.75338
        ],
        [
            12.98633,
            77.75343
        ],
        [
            12.98657,
            77.75352
        ],
        [
            12.98803,
            77.75414
        ],
        [
            12.98832,
            77.75427
        ],
        [
            12.98846,
            77.75433
        ],
        [
            12.98868,
            77.75441
        ],
        [
            12.98929,
            77.75467
        ],
        [
            12.98944,
            77.75473
        ],
        [
            12.98971,
            77.75485
        ],
        [
            12.98996,
            77.75498
        ],
        [
            12.99019,
            77.75514
        ],
        [
            12.99104,
            77.75577
        ],
        [
            12.99134,
            77.75601
        ],
        [
            12.99282,
            77.75717
        ],
        [
            12.99298,
            77.75729
        ],
        [
            12.99305,
            77.75733
        ],
        [
            12.99313,
            77.75736
        ],
        [
            12.99324,
            77.75739
        ],
        [
            12.99348,
            77.75743
        ],
        [
            12.99364,
            77.75746
        ],
        [
            12.99374,
            77.75748
        ],
        [
            12.994,
            77.75753
        ],
        [
            12.99441,
            77.75766
        ],
        [
            12.99461,
            77.75775
        ],
        [
            12.99502,
            77.75792
        ],
        [
            12.99551,
            77.7581
        ],
        [
            12.99562,
            77.75814
        ],
        [
            12.99573,
            77.75818
        ],
        [
            12.99584,
            77.7582
        ],
        [
            12.99597,
            77.75823
        ],
        [
            12.99618,
            77.75826
        ],
        [
            12.99638,
            77.75828
        ],
        [
            12.99656,
            77.75831
        ],
        [
            12.99668,
            77.75834
        ],
        [
            12.99678,
            77.75836
        ],
        [
            12.99687,
            77.75837
        ],
        [
            12.99698,
            77.75838
        ],
        [
            12.99709,
            77.75837
        ],
        [
            12.99719,
            77.75835
        ],
        [
            12.99748,
            77.75831
        ],
        [
            12.99774,
            77.75826
        ]
    ],