{
    "143215059": [
        [
            12.9943,
            77.75762
        ],
        [
            12.99376,
            77.75751
        ],
        [
            12.99364,
            77.75749
        ],
        [
            12.99324,
            77.75746
        ],
        [
            12.99306,
            77.75737
        ],
        [
            12.99291,
            77.75727
        ],
        [
            12.99281,
            77.75719
        ],
        [
            12.99192,
            77.75651
        ],
        [
            12.99134,
            77.75605
        ],
        [
            12.9909,
            77.7557
        ],
        [
            12.99003,
            77.75508
        ],
        [
            12.98963,
            77.75487
        ],
        [
            12.98875,
            77.75452
        ],
        [
            12.9884,
            77.7544
        ],
        [
            12.98797,
            77.75426
        ],
        [
            12.98711,
            77.75395
        ],
        [
            12.98643,
            77.75367
        ],
        [
            12.98584,
            77.75344
        ],
        [
            12.98498,
            77.75309
        ],
        [
            12.9841,
            77.75272
        ],
        [
            12.98387,
            77.75262
        ],
        [
            12.98383,
            77.75259
        ]
    ],
    "28043853": [
        [
            12.95735,
            77.74602
        ],
        [
            12.95738,
            77.74603
        ],
        [
            12.95791,
            77.74627
        ],
        [
            12.95835,
            77.74647
        ],
        [
            12.95861,
            77.74658
        ],
        [
            12.95932,
            77.74696
        ],
        [
            12.96102,
            77.74788
        ],
        [
            12.96122,
            77.74795
        ],
        [
            12.96134,
            77.74795
        ],
        [
            12.96145,
            77.74794
        ],
        [
            12.9616,
            77.74796
        ],
        [
            12.96173,
            77.74797
        ],
        [
            12.96184,
            77.74798
        ],
        [
            12.96254,
            77.7482
        ],
        [
            12.96317,
            77.7484
        ],
        [
            12.96351,
            77.74851
        ],
        [
            12.96374,
            77.74859
        ],
        [
            12.96386,
            77.74862
        ],
        [
            12.96402,
            77.74867
        ],
        [
            12.96417,
            77.74872
        ],
        [
            12.9651,
            77.749
        ],
        [
            12.96612,
            77.74931
        ],
        [
            12.96637,
            77.7494
        ],
        [
            12.96691,
            77.74954
        ],
        [
            12.96775,
            77.74976
        ],
        [
            12.96845,
            77.74993
        ],
        [
            12.96862,
            77.74996
        ],
        [
            12.96878,
            77.74998
        ],
        [
            12.96899,
            77.75003
        ],
        [
            12.96951,
            77.75011
        ],
        [
            12.96984,
            77.75017
        ],
        [
            12.97022,
            77.75021
        ],
        [
            12.9707,
            77.75026
        ],
        [
            12.97081,
            77.75027
        ],
        [
            12.97104,
            77.75031
        ],
        [
            12.97137,
            77.75033
        ],
        [
            12.97224,
            77.7504
        ],
        [
            12.97391,
            77.75063
        ],
        [
            12.97396,
            77.75063
        ],
        [
            12.97505,
            77.7508
        ],
        [
            12.97511,
            77.75081
        ],
        [
            12.97521,
            77.75083
        ],
        [
            12.97728,
            77.75123
        ],
        [
            12.97729,
            77.75123
        ],
        [
            12.97832,
            77.75145
        ],
        [
            12.97948,
            77.75166
        ],
        [
            12.98005,
            77.75177
        ],
        [
            12.98032,
            77.75182
        ],
        [
            12.98063,
            77.75187
        ],
        [
            12.98164,
            77.75203
        ],
        [
            12.98267,
            77.75221
        ],
        [
            12.98288,
            77.75225
        ],
        [
            12.98299,
            77.75228
        ],
        [
            12.98344,
            77.7524
        ],
        [
            12.98363,
            77.75245
        ],
        [
            12.98369,
            77.75246
        ]
    ],
    "122516806": [
        [
            12.98359,
            77.75379
        ],
        [
            12.98371,
            77.75284
        ],
        [
            12.98374,
            77.75268
        ],
        [
            12.98373,
            77.75266
        ],
        [
            12.98373,
            77.75263
        ]
    ],
    "580921886#0": [
        [
            12.9839,
            77.75213
        ],
        [
            12.98382,
            77.75237
        ],
        [
            12.98381,
            77.75245
        ]
    ]
}